{"cameraMode":{"drawMode":0,"name":"Shaded","section":"Shading Mode"},"sceneLighting":true,"audioPlay":false,"sceneViewState":{"showFog":true,"showMaterialUpdate":false,"showSkybox":true,"showFlares":true,"showImageEffects":true,"showParticleSystems":true},"in2DMode":false,"pivot":{"x":4.5954084396362309,"y":-3.5275659561157228,"z":26.911636352539064},"rotation":{"x":-0.13921304047107697,"y":-0.045438919216394427,"z":0.006394815165549517,"w":-0.9891987442970276},"size":40.16541290283203,"orthographic":false}