{"cameraMode":{"drawMode":0,"name":"Shaded","section":"Shading Mode"},"sceneLighting":true,"audioPlay":false,"sceneViewState":{"showFog":true,"showMaterialUpdate":false,"showSkybox":false,"showFlares":true,"showImageEffects":true,"showParticleSystems":true},"in2DMode":false,"pivot":{"x":22.912382125854493,"y":-12.252420425415039,"z":-0.6242157220840454},"rotation":{"x":0.17315739393234254,"y":0.7036464810371399,"z":-0.18344616889953614,"w":0.6643031239509583},"size":54.546512603759769,"orthographic":false}