{"cameraMode":{"drawMode":0,"name":"Shaded","section":"Shading Mode"},"sceneLighting":true,"audioPlay":false,"sceneViewState":{"showFog":true,"showMaterialUpdate":false,"showSkybox":false,"showFlares":true,"showImageEffects":true,"showParticleSystems":true},"in2DMode":false,"pivot":{"x":0.0,"y":1.5499999523162842,"z":0.20000001788139344},"rotation":{"x":-0.2826060950756073,"y":-0.3539562523365021,"z":0.1131153330206871,"w":-0.8843455910682678},"size":0.3473111093044281,"orthographic":false}